Date,SecuritiesCode,Close,AdjustmentFactor
2017-01-17,6861,82600.0,0.5
2017-01-17,8057,490.0,5.0
2017-01-20,6538,4880.0,0.3333333333333333
2017-01-26,3465,3275.0,0.5
2017-02-23,1712,1581.0,0.8333333333333334
2017-02-23,2484,3615.0,0.25
2017-02-23,3141,6430.0,0.5
2017-02-23,3762,2451.0,0.5
2017-02-23,4345,1631.0,0.5
2017-02-23,6199,4520.0,0.25
2017-02-23,6238,4625.0,0.3333333333333333
2017-02-23,6264,1804.0,0.5
2017-02-23,7611,2905.0,0.8333333333333334
2017-02-23,7818,2077.0,0.5
2017-03-01,9517,3595.0,0.3333333333333333
2017-03-28,2469,4740.0,0.5
2017-03-28,2782,9390.0,0.5
2017-03-28,2930,1149.0,0.5
2017-03-28,3040,1643.0,0.5
2017-03-28,3186,2628.0,0.5
2017-03-28,3694,5690.0,0.5
2017-03-28,3937,3235.0,0.5
2017-03-28,4659,5130.0,0.5
2017-03-28,4923,1506.0,0.9090909090909092
2017-03-28,4927,10760.0,0.25
2017-03-28,4975,7790.0,0.5
2017-03-28,5988,7800.0,0.3333333333333333
2017-03-28,6194,9930.0,0.3333333333333333
2017-03-28,6277,893.0,5.0
2017-03-28,6586,7950.0,0.5
2017-03-28,6920,3020.0,0.5
2017-03-28,7874,4960.0,0.5
2017-03-28,7906,4950.0,0.25
2017-03-28,8876,18080.0,0.1
2017-03-28,9470,315.0,10.0
2017-03-28,9616,6680.0,0.5
2017-03-28,9989,7730.0,0.5
2017-04-18,4082,5490.0,0.2
2017-04-25,2923,3360.0,0.9523809523809524
2017-04-25,3475,2180.0,0.5
2017-04-25,3902,4170.0,0.5
2017-05-26,3547,7020.0,0.5
2017-05-26,3677,1755.0,0.5
2017-05-26,4726,4310.0,0.5
2017-05-26,6062,2855.0,0.5
2017-05-26,9511,2979.0,0.9090909090909092
2017-06-05,3901,3980.0,0.25
2017-06-27,1899,1074.0,5.0
2017-06-27,2211,254.0,10.0
2017-06-27,2752,3595.0,0.5
2017-06-27,3085,4090.0,0.5
2017-06-27,3445,8780.0,0.5
2017-06-27,3921,2655.0,0.5
2017-06-27,3934,2999.0,0.3333333333333333
2017-06-27,3966,5000.0,0.5
2017-06-27,4025,902.0,5.0
2017-06-27,4587,7000.0,0.5
2017-06-27,4595,6050.0,0.5
2017-06-27,4772,62.0,10.0
2017-06-27,5201,947.0,5.0
2017-06-27,5214,827.0,5.0
2017-06-27,5302,364.0,10.0
2017-06-27,6036,2812.0,0.5
2017-06-27,6098,6140.0,0.3333333333333333
2017-06-27,6310,224.0,10.0
2017-06-27,7187,1997.0,0.5
2017-06-27,7976,6420.0,0.5
2017-06-27,9416,5370.0,0.5
2017-06-27,9613,6380.0,0.2
2017-06-27,9672,281.0,10.0
2017-06-27,9722,374.0,10.0
2017-07-26,2217,644.0,10.0
2017-07-26,3939,6850.0,0.3333333333333333
2017-07-26,3983,3175.0,0.5
2017-07-26,4345,1476.0,0.5
2017-07-26,8842,645.0,10.0
2017-07-26,9005,822.0,2.0
2017-07-26,9632,615.0,10.0
2017-08-28,2462,3720.0,0.5
2017-08-28,3036,3325.0,0.5
2017-08-28,3479,17550.0,0.1428571428571428
2017-08-28,6908,10590.0,0.5
2017-08-28,7172,5200.0,0.5
2017-08-28,8244,369.0,10.0
2017-08-28,9033,554.0,2.0
2017-08-28,9601,1562.0,10.0
2017-08-28,9903,402.0,2.0
2017-08-28,9982,481.0,5.0
2017-09-26,1793,924.0,5.0
2017-09-26,1801,1187.0,5.0
2017-09-26,1811,535.0,10.0
2017-09-26,1815,360.0,10.0
2017-09-26,1820,633.0,5.0
2017-09-26,1821,123.0,5.0
2017-09-26,1833,852.0,5.0
2017-09-26,1861,346.0,10.0
2017-09-26,1882,416.0,10.0
2017-09-26,1884,634.0,10.0
2017-09-26,1888,189.0,10.0
2017-09-26,1939,626.0,5.0
2017-09-26,1946,691.0,5.0
2017-09-26,1968,1443.0,2.0
2017-09-26,1980,1367.0,2.0
2017-09-26,2004,598.0,5.0
2017-09-26,2150,1611.0,0.5
2017-09-26,2264,852.0,5.0
2017-09-26,2412,4430.0,0.5
2017-09-26,2427,6850.0,0.2
2017-09-26,2602,748.0,5.0
2017-09-26,3002,506.0,10.0
2017-09-26,3101,212.0,10.0
2017-09-26,3103,84.0,10.0
2017-09-26,3107,460.0,10.0
2017-09-26,3110,677.0,5.0
2017-09-26,3150,2691.0,0.6666666666666666
2017-09-26,3157,1332.0,0.8695652173913044
2017-09-26,3431,306.0,10.0
2017-09-26,3475,1805.0,0.5
2017-09-26,3561,2168.0,0.5
2017-09-26,3591,1625.0,2.0
2017-09-26,3835,2162.0,0.5
2017-09-26,3844,5830.0,0.3333333333333333
2017-09-26,3937,3025.0,0.5
2017-09-26,3946,395.0,5.0
2017-09-26,4027,1068.0,2.0
2017-09-26,4042,1259.0,2.0
2017-09-26,4043,525.0,5.0
2017-09-26,4044,493.0,5.0
2017-09-26,4046,575.0,5.0
2017-09-26,4061,728.0,5.0
2017-09-26,4078,559.0,5.0
2017-09-26,4092,258.0,10.0
2017-09-26,4100,492.0,10.0
2017-09-26,4113,514.0,5.0
2017-09-26,4116,1044.0,5.0
2017-09-26,4183,684.0,5.0
2017-09-26,4208,322.0,10.0
2017-09-26,4216,303.0,5.0
2017-09-26,4218,1130.0,2.0
2017-09-26,4326,2681.0,0.5
2017-09-26,4327,4665.0,0.5
2017-09-26,4403,1571.0,2.0
2017-09-26,4611,344.0,5.0
2017-09-26,4792,8520.0,0.25
2017-09-26,4917,6140.0,0.5
2017-09-26,4998,976.0,2.0
2017-09-26,5217,750.0,10.0
2017-09-26,5233,435.0,10.0
2017-09-26,5261,376.0,10.0
2017-09-26,5304,503.0,10.0
2017-09-26,5351,376.0,10.0
2017-09-26,5352,521.0,10.0
2017-09-26,5471,664.0,10.0
2017-09-26,5481,589.0,5.0
2017-09-26,5541,304.0,10.0
2017-09-26,5632,289.0,10.0
2017-09-26,5659,913.0,5.0
2017-09-26,5706,562.0,10.0
2017-09-26,5707,484.0,10.0
2017-09-26,5713,1857.0,2.0
2017-09-26,5714,850.0,5.0
2017-09-26,5715,195.0,10.0
2017-09-26,5741,327.0,10.0
2017-09-26,5805,100.0,10.0
2017-09-26,5851,624.0,5.0
2017-09-26,5918,548.0,10.0
2017-09-26,5992,361.0,10.0
2017-09-26,6099,3160.0,0.5
2017-09-26,6103,1185.0,5.0
2017-09-26,6125,300.0,10.0
2017-09-26,6302,892.0,5.0
2017-09-26,6330,282.0,5.0
2017-09-26,6331,257.0,10.0
2017-09-26,6368,581.0,5.0
2017-09-26,6369,421.0,10.0
2017-09-26,6444,446.0,5.0
2017-09-26,6484,799.0,2.0
2017-09-26,6516,1261.0,5.0
2017-09-26,6538,2873.0,0.5
2017-09-26,6544,2079.0,0.5
2017-09-26,6701,298.0,10.0
2017-09-26,6706,576.0,5.0
2017-09-26,6753,341.0,10.0
2017-09-26,6844,701.0,10.0
2017-09-26,6924,200.0,10.0
2017-09-26,6997,384.0,10.0
2017-09-26,7003,146.0,10.0
2017-09-26,7011,447.1,10.0
2017-09-26,7012,376.0,10.0
2017-09-26,7013,389.0,10.0
2017-09-26,7236,455.0,10.0
2017-09-26,7242,675.0,10.0
2017-09-26,7702,340.0,2.0
2017-09-26,7721,319.0,5.0
2017-09-26,7726,534.0,5.0
2017-09-26,7912,1381.0,2.0
2017-09-26,7914,390.0,10.0
2017-09-26,7987,340.0,2.0
2017-09-26,8020,289.0,5.0
2017-09-26,8022,653.0,5.0
2017-09-26,8032,480.0,10.0
2017-09-26,8041,286.0,10.0
2017-09-26,8050,515.0,5.0
2017-09-26,8052,576.0,5.0
2017-09-26,8059,653.0,5.0
2017-09-26,8061,591.0,5.0
2017-09-26,8078,783.0,5.0
2017-09-26,8084,848.0,2.0
2017-09-26,8088,681.0,5.0
2017-09-26,8089,157.0,10.0
2017-09-26,8101,187.0,10.0
2017-09-26,8173,1855.0,2.0
2017-09-26,8303,173.0,10.0
2017-09-26,8304,433.0,10.0
2017-09-26,8341,556.0,5.0
2017-09-26,8343,356.0,10.0
2017-09-26,8344,529.0,5.0
2017-09-26,8361,310.0,10.0
2017-09-26,8362,300.0,10.0
2017-09-26,8369,1121.0,5.0
2017-09-26,8387,340.0,5.0
2017-09-26,8392,474.0,10.0
2017-09-26,8393,421.0,10.0
2017-09-26,8395,272.0,10.0
2017-09-26,8558,118.0,10.0
2017-09-26,8584,542.0,5.0
2017-09-26,8920,5470.0,0.5
2017-09-26,9001,644.0,5.0
2017-09-26,9003,560.0,5.0
2017-09-26,9006,1187.0,2.0
2017-09-26,9008,962.0,5.0
2017-09-26,9010,1296.0,2.0
2017-09-26,9014,418.0,5.0
2017-09-26,9031,559.0,5.0
2017-09-26,9041,431.0,10.0
2017-09-26,9044,578.0,5.0
2017-09-26,9045,678.0,5.0
2017-09-26,9046,405.0,10.0
2017-09-26,9048,507.0,5.0
2017-09-26,9052,581.0,5.0
2017-09-26,9065,929.0,5.0
2017-09-26,9066,594.0,5.0
2017-09-26,9070,543.0,10.0
2017-09-26,9075,708.0,5.0
2017-09-26,9081,750.0,5.0
2017-09-26,9083,861.0,5.0
2017-09-26,9090,5730.0,0.5
2017-09-26,9101,236.0,10.0
2017-09-26,9104,344.0,10.0
2017-09-26,9107,294.0,10.0
2017-09-26,9110,250.0,10.0
2017-09-26,9202,423.0,10.0
2017-09-26,9301,1437.0,2.0
2017-09-26,9304,412.0,5.0
2017-09-26,9364,1289.0,2.0
2017-09-26,9531,564.4,5.0
2017-09-26,9532,429.8,5.0
2017-09-26,9533,693.0,5.0
2017-09-26,9536,291.0,10.0
2017-09-26,9605,1218.0,10.0
2017-09-26,9639,1411.0,2.0
2017-09-26,9726,215.0,10.0
2017-09-26,9902,4470.0,0.5
2017-10-26,3648,1966.0,0.5
2017-10-26,3836,1902.0,0.5
2017-10-26,6630,13530.0,0.1
2017-10-26,7856,3905.0,0.5
2017-10-30,2930,1886.0,0.5
2017-11-02,3540,,0.2
2017-11-10,3921,2020.0,0.5
2017-11-27,2374,2550.0,0.3333333333333333
2017-11-27,3186,2640.0,0.3333333333333333
2017-11-27,3547,15630.0,0.3333333333333333
2017-11-27,6240,5580.0,0.2
2017-11-27,6533,4155.0,0.5
2017-11-27,7187,1844.0,0.5
2017-11-27,7816,2944.0,0.5
2017-12-11,3482,3465.0,0.5
2017-12-12,3969,3575.0,0.3333333333333333
2017-12-26,1435,8480.0,0.2
2017-12-26,2882,4670.0,0.5
2017-12-26,3088,9310.0,0.5
2017-12-26,3179,3085.0,0.5
2017-12-26,3597,1745.0,5.0
2017-12-26,3679,1878.0,0.5
2017-12-26,3951,2780.0,0.5
2017-12-26,3966,2914.0,0.5
2017-12-26,4641,4675.0,0.5
2017-12-26,4919,7890.0,0.5
2017-12-26,5184,3970.0,0.7692307692307692
2017-12-26,5698,1772.0,0.5
2017-12-26,6078,5240.0,0.5
2017-12-26,7575,4865.0,0.5
2017-12-26,7747,7900.0,0.5
2017-12-26,7780,6080.0,0.5
2017-12-26,9622,1797.0,0.9090909090909092
2017-12-26,9729,5100.0,0.5
2017-12-26,9757,3935.0,0.6666666666666666
2018-01-26,2884,10390.0,0.2
2018-01-26,3484,6560.0,0.25
2018-01-26,3926,9210.0,0.3333333333333333
2018-01-26,4344,1548.0,0.5
2018-02-08,2930,2539.0,0.3333333333333333
2018-02-23,2471,4760.0,0.2
2018-02-23,3415,4050.0,0.3333333333333333
2018-02-23,3433,5720.0,0.25
2018-02-23,3558,2380.0,0.5
2018-02-23,3784,1810.0,0.5
2018-02-23,3915,8060.0,0.5
2018-02-23,3922,3530.0,0.5
2018-02-23,4820,2443.0,0.5
2018-02-23,6055,4215.0,0.3333333333333333
2018-02-23,7191,1871.0,0.5
2018-02-23,7611,3350.0,0.8333333333333334
2018-03-05,7192,3295.0,0.3333333333333333
2018-03-12,8771,4105.0,0.5
2018-03-27,2127,7250.0,0.5
2018-03-27,2185,8400.0,0.3333333333333333
2018-03-27,2282,2256.0,2.0
2018-03-27,3154,2939.0,0.3333333333333333
2018-03-27,3182,3345.0,0.5
2018-03-27,3593,8470.0,0.5
2018-03-27,3659,3685.0,0.5
2018-03-27,3673,1029.0,0.5
2018-03-27,3687,8780.0,0.2
2018-03-27,3916,2806.0,0.5
2018-03-27,3923,3300.0,0.5
2018-03-27,3925,7780.0,0.5
2018-03-27,3939,4100.0,0.5
2018-03-27,4549,5240.0,0.5
2018-03-27,4739,4420.0,0.5
2018-03-27,4768,10570.0,0.5
2018-03-27,4816,10420.0,0.3333333333333333
2018-03-27,4923,1924.0,0.9090909090909092
2018-03-27,4975,4775.0,0.5
2018-03-27,6062,2372.0,0.5
2018-03-27,6194,11380.0,0.3333333333333333
2018-03-27,6482,3400.0,0.5
2018-03-27,6556,3455.0,0.3333333333333333
2018-03-27,6806,15270.0,0.9523809523809524
2018-03-27,6914,5140.0,0.5
2018-03-27,7613,4590.0,0.5
2018-03-27,7716,6200.0,0.3333333333333333
2018-03-27,7988,7300.0,0.5
2018-03-27,8111,11880.0,0.5
2018-03-27,8282,2995.0,0.5
2018-03-27,9474,3375.0,0.6666666666666666
2018-03-27,9697,4985.0,0.5
2018-04-24,3902,3380.0,0.5
2018-04-24,6200,4400.0,0.5
2018-04-24,9519,2800.0,0.5
2018-05-28,2157,6490.0,0.25
2018-05-28,2317,5040.0,0.25
2018-05-28,4595,5860.0,0.5
2018-05-28,6196,8100.0,0.5
2018-05-28,6474,549.0,10.0
2018-05-28,9511,3200.0,0.8
2018-06-15,3191,3770.0,0.5
2018-06-26,2160,489.0,10.0
2018-06-26,2175,4085.0,0.5
2018-06-26,2573,846.0,5.0
2018-06-26,3457,4970.0,0.5
2018-06-26,3962,7560.0,0.5
2018-06-26,4107,651.0,5.0
2018-06-26,4221,523.0,5.0
2018-06-26,4554,3950.0,0.5
2018-06-26,4565,6940.0,0.25
2018-06-26,4584,1625.0,0.5
2018-06-26,4634,585.0,5.0
2018-06-26,6030,23200.0,0.3333333333333333
2018-06-26,6197,3675.0,0.3333333333333333
2018-06-26,6237,4160.0,0.3333333333333333
2018-06-26,6565,4450.0,0.5
2018-06-26,6670,1672.0,0.5
2018-06-26,8772,1931.0,0.3333333333333333
2018-06-26,8909,3570.0,0.5
2018-06-26,9467,4990.0,0.5
2018-06-26,9539,625.0,5.0
2018-06-26,9631,1028.0,5.0
2018-07-24,6538,2867.0,0.5
2018-07-26,3150,4445.0,0.5
2018-07-26,3458,2109.0,0.5
2018-07-26,3854,2213.0,0.5
2018-07-26,9692,4670.0,0.5
2018-08-10,8771,2012.0,0.5
2018-08-16,6569,5470.0,0.5
2018-08-28,6035,3350.0,0.5
2018-08-28,6184,3860.0,0.25
2018-08-28,6533,1908.0,0.5
2018-08-28,8233,946.0,2.0
2018-08-28,9450,3510.0,0.5
2018-08-28,9519,2042.0,0.5
2018-08-28,9977,1360.0,2.0
2018-09-25,1775,400.0,5.0
2018-09-25,1787,1541.0,2.0
2018-09-25,1805,188.0,10.0
2018-09-25,1812,841.0,2.0
2018-09-25,1813,206.0,10.0
2018-09-25,1822,659.0,5.0
2018-09-25,1852,359.0,10.0
2018-09-25,2281,542.0,5.0
2018-09-25,2288,467.0,5.0
2018-09-25,2413,5000.0,0.5
2018-09-25,2831,1369.0,2.0
2018-09-25,2899,1612.0,2.0
2018-09-25,3064,6630.0,0.5
2018-09-25,3106,311.0,10.0
2018-09-25,3182,4040.0,0.5
2018-09-25,3491,7140.0,0.5
2018-09-25,3635,2361.0,0.8333333333333334
2018-09-25,3769,14520.0,0.5
2018-09-25,3990,10380.0,0.3333333333333333
2018-09-25,4041,727.0,5.0
2018-09-25,4118,1051.0,5.0
2018-09-25,4203,1054.0,5.0
2018-09-25,4461,723.0,5.0
2018-09-25,4628,,5.0
2018-09-25,4687,2075.0,0.5
2018-09-25,5008,263.0,10.0
2018-09-25,5122,1268.0,5.0
2018-09-25,5192,1535.0,2.0
2018-09-25,5232,503.0,10.0
2018-09-25,5393,1522.0,2.0
2018-09-25,5902,458.0,5.0
2018-09-25,6104,537.0,5.0
2018-09-25,6135,1012.0,5.0
2018-09-25,6371,1037.0,5.0
2018-09-25,6501,777.8,5.0
2018-09-25,6502,331.0,10.0
2018-09-25,6504,937.0,5.0
2018-09-25,6507,356.0,5.0
2018-09-25,6508,385.0,5.0
2018-09-25,6539,8580.0,0.25
2018-09-25,6544,3350.0,0.5
2018-09-25,6588,686.0,5.0
2018-09-25,6590,399.0,10.0
2018-09-25,6622,611.0,5.0
2018-09-25,6674,568.0,5.0
2018-09-25,6702,826.2,10.0
2018-09-25,6707,597.0,5.0
2018-09-25,6798,313.0,10.0
2018-09-25,6815,289.0,10.0
2018-09-25,6845,4910.0,0.5
2018-09-25,6951,1255.0,2.0
2018-09-25,6955,165.0,10.0
2018-09-25,7102,326.0,10.0
2018-09-25,7220,3775.0,0.5
2018-09-25,7874,5650.0,0.5
2018-09-25,7911,919.0,2.0
2018-09-25,8093,437.0,5.0
2018-09-25,8354,650.0,5.0
2018-09-25,8360,430.0,5.0
2018-09-25,8366,599.0,5.0
2018-09-25,8386,353.0,10.0
2018-09-25,8388,735.0,5.0
2018-09-25,8544,490.0,2.0
2018-09-25,9068,577.0,5.0
2018-09-25,9232,284.0,5.0
2018-09-25,9302,403.0,5.0
2018-09-25,9303,787.0,2.0
2018-09-25,9534,313.0,5.0
2018-10-26,3038,5780.0,0.5
2018-10-31,9273,3955.0,0.3333333333333333
2018-11-12,3075,5480.0,0.2
2018-11-26,3482,1929.0,0.5
2018-11-27,2349,4040.0,0.3333333333333333
2018-11-27,2805,9390.0,0.5
2018-11-27,4344,1221.0,0.5
2018-11-27,4714,1147.0,0.3333333333333333
2018-11-27,4921,5920.0,0.5
2018-11-27,6572,16780.0,0.2
2018-12-25,3355,1455.0,0.5
2018-12-25,3657,1776.0,0.5
2018-12-25,3962,6660.0,0.5
2018-12-25,4025,9080.0,0.5
2018-12-25,4382,13750.0,0.5
2018-12-25,4390,5540.0,0.2
2018-12-25,4733,8260.0,0.5
2018-12-25,6099,2536.0,0.5
2019-01-28,3763,2718.0,0.5
2019-02-25,2412,4320.0,0.5
2019-02-25,3993,11050.0,0.5
2019-02-25,4348,4090.0,0.5
2019-02-25,7611,2363.0,0.9090909090909092
2019-03-26,3694,5200.0,0.5
2019-03-26,3772,2649.0,0.5
2019-03-26,3835,2407.0,0.5
2019-03-26,4534,11410.0,0.5
2019-03-26,4543,6901.0,0.5
2019-03-26,4553,9050.0,0.3333333333333333
2019-03-26,4718,1437.0,0.5
2019-03-26,4923,1494.0,0.9090909090909092
2019-03-26,6981,16385.0,0.3333333333333333
2019-03-26,7033,6850.0,0.3333333333333333
2019-03-26,7199,3325.0,0.5
2019-03-26,7564,10200.0,0.5
2019-03-26,7570,1650.0,0.9090909090909092
2019-03-26,7595,4560.0,0.5
2019-03-26,7733,4805.0,0.25
2019-03-26,9882,2990.0,0.5
2019-04-23,3139,8350.0,0.5
2019-04-23,3677,1724.0,0.5
2019-04-23,3915,3525.0,0.5
2019-04-23,6569,2433.0,0.5
2019-05-28,2715,2086.0,0.5
2019-05-28,3983,5660.0,0.5
2019-05-28,7717,10070.0,0.5
2019-05-28,9716,2944.0,0.5
2019-06-24,9984,10305.0,0.5
2019-06-25,1414,7650.0,0.5
2019-06-25,2154,3175.0,0.5
2019-06-25,3765,301.0,10.0
2019-06-25,3984,6730.0,0.5
2019-06-25,4298,2004.0,0.5
2019-06-25,4307,5360.0,0.3333333333333333
2019-06-25,4582,159.0,4.0
2019-06-25,4641,1842.0,0.9090909090909092
2019-06-25,6095,3005.0,0.5
2019-06-25,6572,4945.0,0.5
2019-06-25,7747,5140.0,0.5
2019-06-25,9682,4545.0,0.5
2019-07-29,2804,2257.0,0.5
2019-07-29,3665,2348.0,0.5
2019-08-28,3498,6200.0,0.5
2019-08-28,3939,1795.0,0.3333333333333333
2019-08-28,4434,11690.0,0.5
2019-08-28,6200,2876.0,0.8
2019-08-28,7036,6190.0,0.5
2019-08-28,7060,3300.0,0.5
2019-08-28,7453,17970.0,0.1
2019-08-28,7532,6560.0,0.25
2019-08-28,7730,7330.0,0.3333333333333333
2019-08-28,9270,3425.0,0.5
2019-08-28,9450,3170.0,0.5
2019-08-30,2160,5430.0,0.3333333333333333
2019-09-11,6564,4310.0,0.3333333333333333
2019-09-26,2471,3515.0,0.2
2019-09-26,3288,5490.0,0.5
2019-09-26,3771,3960.0,0.5
2019-09-26,3844,4050.0,0.5
2019-09-26,3923,3255.0,0.5
2019-09-26,4290,1721.0,0.5
2019-09-26,5480,216.0,10.0
2019-09-26,6306,3550.0,0.2
2019-09-26,7638,43.0,20.0
2019-09-26,8111,18340.0,0.5
2019-09-26,8141,1863.0,0.5
2019-09-26,9090,5390.0,0.5
2019-09-26,9416,4800.0,0.3333333333333333
2019-09-26,9628,2251.0,0.5
2019-10-29,3038,5980.0,0.5
2019-10-29,3854,2424.0,0.5
2019-11-18,6861,74220.0,0.5
2019-11-27,3836,2088.0,0.5
2019-11-27,6080,8710.0,0.5
2019-11-27,7065,12800.0,0.2
2019-11-27,9934,5300.0,0.5
2019-12-06,3484,2118.0,0.5
2019-12-26,1431,4535.0,0.5
2019-12-26,2492,1979.0,0.5
2019-12-26,2752,3780.0,0.5
2019-12-26,4435,8040.0,0.5
2019-12-26,4820,1987.0,0.5
2019-12-26,6062,1964.0,0.5
2019-12-26,6920,11120.0,0.5
2019-12-26,7508,4835.0,0.5
2019-12-26,7814,1419.0,0.25
2019-12-26,8928,3600.0,0.5
2019-12-26,9432,5550.0,0.5
2019-12-26,9759,3595.0,0.5
2020-01-10,4446,6220.0,0.3333333333333333
2020-01-29,3176,2721.0,0.5
2020-01-29,4382,12320.0,0.5
2020-01-29,4674,3810.0,0.5
2020-01-29,6564,2109.0,0.7692307692307692
2020-02-26,1407,1706.0,0.7692307692307692
2020-02-26,2726,3260.0,0.5
2020-02-26,3387,2043.0,0.5
2020-03-16,9279,2075.0,0.5
2020-03-27,3341,3375.0,0.5
2020-03-27,3397,2281.0,0.5
2020-03-27,3563,6510.0,0.25
2020-03-27,3626,5500.0,0.3333333333333333
2020-03-27,3694,3895.0,0.5
2020-03-27,3835,1540.0,0.5
2020-03-27,4526,4455.0,0.5
2020-03-27,4574,4700.0,0.3333333333333333
2020-03-27,4767,561.0,0.5
2020-03-27,4923,1483.0,0.9090909090909092
2020-03-27,6078,2737.0,0.5
2020-03-27,6594,11815.0,0.5
2020-03-27,7033,2780.0,0.3333333333333333
2020-03-27,7071,7730.0,0.5
2020-03-27,7466,2647.0,0.5
2020-03-27,7749,6230.0,0.5
2020-03-27,7820,2162.0,0.5
2020-03-27,7839,4420.0,0.5
2020-03-27,8919,3470.0,0.5
2020-03-27,9470,7450.0,0.25
2020-04-27,3480,4800.0,0.5
2020-05-27,1973,5710.0,0.3333333333333333
2020-05-27,3349,30100.0,0.5
2020-05-27,9511,2106.0,0.9523809523809524
2020-06-05,4481,13800.0,0.3333333333333333
2020-06-26,3762,3835.0,0.5
2020-06-26,4482,3870.0,0.25
2020-06-26,4493,27000.0,0.25
2020-06-26,4519,17465.0,0.3333333333333333
2020-06-26,9658,2540.0,0.5
2020-07-31,3922,3745.0,0.5
2020-08-18,6279,4795.0,0.25
2020-08-27,3141,9280.0,0.5
2020-08-27,3150,3175.0,0.5
2020-08-27,3962,14160.0,0.5
2020-08-27,4434,15450.0,0.5
2020-08-27,7192,2495.0,0.5
2020-09-28,1431,2775.0,0.5
2020-09-28,2060,190.0,5.0
2020-09-28,3199,3135.0,0.5
2020-09-28,3923,3635.0,0.5
2020-09-28,4483,8840.0,0.5
2020-09-28,4552,12500.0,0.25
2020-09-28,4568,9846.0,0.3333333333333333
2020-09-28,5703,179.0,10.0
2020-09-28,6036,2776.0,0.5
2020-09-28,7947,9050.0,0.5
2020-09-28,8411,140.2,10.0
2020-09-28,8715,4480.0,0.25
2020-09-28,9551,4600.0,0.5
2020-10-28,3038,5720.0,0.5
2020-10-28,3475,3075.0,0.5
2020-10-28,3491,9460.0,0.3333333333333333
2020-10-28,4880,28430.0,0.3333333333333333
2020-10-28,9143,5510.0,0.5
2020-11-02,9273,2575.0,0.5
2020-11-26,2153,2178.0,0.5
2020-11-26,3994,8960.0,0.5
2020-11-26,4054,5660.0,0.5
2020-12-28,1716,2694.0,0.5
2020-12-28,3774,4040.0,0.5
2020-12-28,3962,7420.0,0.5
2020-12-28,4058,5020.0,0.5
2020-12-28,4812,6310.0,0.5
2020-12-28,6099,3020.0,0.5
2020-12-28,6200,3250.0,0.5
2020-12-28,6544,5010.0,0.5
2020-12-28,7685,5330.0,0.5
2020-12-28,9090,4395.0,0.5
2021-01-27,3496,9190.0,0.5
2021-01-27,4369,17430.0,0.25
2021-01-27,7094,8890.0,0.3333333333333333
2021-02-24,1407,3685.0,0.7692307692307692
2021-02-24,3097,12530.0,0.5
2021-03-29,1431,1773.0,0.5
2021-03-29,2127,6120.0,0.5
2021-03-29,2613,4180.0,0.5
2021-03-29,3064,6370.0,0.5
2021-03-29,3107,9300.0,0.2
2021-03-29,3360,6430.0,0.5
2021-03-29,3635,6800.0,0.7692307692307692
2021-03-29,4169,4705.0,0.5
2021-03-29,4477,8080.0,0.2
2021-03-29,4612,8620.0,0.2
2021-03-29,4751,7430.0,0.25
2021-03-29,4832,3700.0,0.5
2021-03-29,4923,1893.0,0.9090909090909092
2021-03-29,5857,4375.0,0.5
2021-03-29,5992,4335.0,0.25
2021-03-29,6157,3270.0,0.5
2021-03-29,6194,3560.0,0.5
2021-03-29,6485,2403.0,0.5
2021-03-29,6580,6390.0,0.5
2021-03-29,6750,5070.0,0.5
2021-03-29,7092,4580.0,0.7692307692307692
2021-03-29,7313,3380.0,0.5
2021-03-29,7817,4925.0,0.5
2021-03-29,8043,5200.0,0.5
2021-03-29,8101,2728.0,0.5
2021-03-29,8174,6040.0,0.3333333333333333
2021-03-29,8798,2182.0,0.5
2021-03-29,9697,7470.0,0.5
2021-03-29,9746,7230.0,0.5
2021-04-27,2315,35.0,10.0
2021-04-27,2695,7630.0,0.5
2021-04-27,7605,2647.0,0.5
2021-04-27,9273,1703.0,0.5
2021-05-18,2678,3640.0,0.5
2021-06-28,3663,3610.0,0.25
2021-06-28,3984,4470.0,0.5
2021-06-28,4709,1383.0,0.6666666666666666
2021-06-28,4966,9550.0,0.5
2021-06-28,6028,7830.0,0.3333333333333333
2021-06-28,6328,6670.0,0.5
2021-06-28,6564,6920.0,0.5
2021-08-27,2925,3750.0,0.5
2021-08-27,3498,4185.0,0.5
2021-08-27,4431,8560.0,0.5
2021-08-27,8929,1725.0,0.5
2021-08-27,9793,5270.0,0.8333333333333334
2021-09-28,1939,3630.0,0.5
2021-09-28,2003,6730.0,0.5
2021-09-28,2150,5760.0,0.25
2021-09-28,2185,2847.0,0.5
2021-09-28,2768,367.0,5.0
2021-09-28,3628,6010.0,0.3333333333333333
2021-09-28,3925,7500.0,0.5
2021-09-28,4113,12450.0,0.2
2021-09-28,4308,2491.0,0.5
2021-09-28,4462,3000.0,0.5
2021-09-28,4626,5930.0,0.5
2021-09-28,4781,4205.0,0.25
2021-09-28,6277,7270.0,0.5
2021-09-28,6762,12640.0,0.3333333333333333
2021-09-28,7036,6500.0,0.5
2021-09-28,7092,4465.0,0.8333333333333334
2021-09-28,7203,10385.0,0.2
2021-09-28,7508,4230.0,0.5
2021-09-28,7780,9180.0,0.5
2021-09-28,7803,2878.0,0.5
2021-09-28,7990,9030.0,0.5
2021-09-28,8066,7750.0,0.25
2021-09-28,8713,130.0,10.0
2021-09-28,9629,5750.0,0.3333333333333333
2021-09-28,9719,7300.0,0.3333333333333333
2021-10-27,4880,20180.0,0.3333333333333333
2021-10-27,6962,4045.0,0.25
2021-11-26,2317,2016.0,0.25
2021-11-26,4443,12560.0,0.25
2021-11-26,7816,8350.0,0.5
2021-11-26,9369,1976.0,0.5
